dataset,method,metric,direction,fold_count,mean,sd,ci95_low_t,ci95_high_t
pima,fedavg_nonprivate,auroc,higher,5,0.8395359888190077,0.02804733832844807,0.8047106185711331,0.8743613590668823
pima,fedavg_nonprivate,average_precision,higher,5,0.7344949920582813,0.05520992011923124,0.6659428219025261,0.8030471622140365
pima,fedavg_nonprivate,balanced_accuracy,higher,5,0.7209014675052411,0.05074667610924376,0.657891146751886,0.7839117882585962
pima,fedavg_nonprivate,brier_score,lower,5,0.15500654321613222,0.012181937736604823,0.13988066970023014,0.1701324167320343
pima,fedavg_nonprivate,f1,higher,5,0.6564566545809547,0.04317517863127917,0.6028475896584788,0.7100657195034306
pima,fedavg_nonprivate,log_loss,lower,5,0.4737084874146661,0.036535999559296255,0.42834305212349927,0.519073922705833
pima,fedavg_nonprivate,mcc,higher,5,0.4403141661737554,0.0811202382736128,0.3395900867836991,0.5410382455638116
pima,fedavg_nonprivate,npv,higher,5,0.9280938826927633,0.035404362474475044,0.8841335604288512,0.9720542049566754
pima,fedavg_nonprivate,ppv,higher,5,0.5121111760503929,0.05142955296033323,0.4482529516958332,0.5759694004049526
pima,fedavg_nonprivate,sensitivity,higher,5,0.9218029350104822,0.05122666283096665,0.8581966320251478,0.9854092379958165
pima,fedavg_nonprivate,specificity,higher,5,0.52,0.11575836902790224,0.37626700068726787,0.6637329993127321
pima,dp_fedavg,auroc,higher,5,0.8309636617749826,0.02726810888930568,0.7971058326680316,0.8648214908819336
pima,dp_fedavg,average_precision,higher,5,0.713393841555161,0.061923307035293355,0.6365059005597191,0.7902817825506028
pima,dp_fedavg,balanced_accuracy,higher,5,0.7307044025157232,0.022947680748531155,0.7022110934879984,0.7591977115434481
pima,dp_fedavg,brier_score,lower,5,0.1645361712537492,0.015743285072213096,0.14498830096612342,0.18408404154137498
pima,dp_fedavg,f1,higher,5,0.6605336243702009,0.025207429385344825,0.6292344668151545,0.6918327819252473
pima,dp_fedavg,log_loss,lower,5,0.5023119421010744,0.05163499158940659,0.43819863199695397,0.5664252522051949
pima,dp_fedavg,mcc,higher,5,0.4447941504393815,0.04655955355064878,0.38698282902310055,0.5026054718556624
pima,dp_fedavg,npv,higher,5,0.8940594433228929,0.035445325370168874,0.8500482589061356,0.9380706277396502
pima,dp_fedavg,ppv,higher,5,0.5347509329118298,0.020623693704427418,0.5091432349290607,0.560358630894599
pima,dp_fedavg,sensitivity,higher,5,0.8654088050314466,0.05427693694466252,0.7980150864944832,0.93280252356841
pima,dp_fedavg,specificity,higher,5,0.596,0.033615472627943226,0.5542608778552787,0.6377391221447213
pima,dp_fedadam,auroc,higher,5,0.8287700908455626,0.02282280832978114,0.8004318314045683,0.857108350286557
pima,dp_fedadam,average_precision,higher,5,0.7139874439125649,0.06760844733598095,0.6300404688810219,0.7979344189441078
pima,dp_fedadam,balanced_accuracy,higher,5,0.7345457721872817,0.019285585699238675,0.7105995547402636,0.7584919896342998
pima,dp_fedadam,brier_score,lower,5,0.16745787658224298,0.014417921090362384,0.14955566303539722,0.18536009012908874
pima,dp_fedadam,f1,higher,5,0.6657554273812385,0.01937038932496169,0.641703912325243,0.689806942437234
pima,dp_fedadam,log_loss,lower,5,0.5193537236524787,0.05658834931710204,0.4490900075876544,0.589617439717303
pima,dp_fedadam,mcc,higher,5,0.4559668066723792,0.0371846590885944,0.4097959541965911,0.5021376591481673
pima,dp_fedadam,npv,higher,5,0.9143224789915966,0.025655098745695083,0.8824674665087044,0.9461774914744887
pima,dp_fedadam,ppv,higher,5,0.5289477511434681,0.019565820746635806,0.5046535759270622,0.5532419263598741
pima,dp_fedadam,sensitivity,higher,5,0.8990915443745632,0.03436759359434133,0.8564185407035712,0.9417645480455552
pima,dp_fedadam,specificity,higher,5,0.5700000000000001,0.035355339059327355,0.5261005483457458,0.6138994516542543
pima,fedsift,auroc,higher,5,0.8310216631726066,0.024009066336936512,0.8012104698715465,0.8608328564736667
pima,fedsift,average_precision,higher,5,0.7186540296267183,0.056871017842027055,0.6480393342310693,0.7892687250223673
pima,fedsift,balanced_accuracy,higher,5,0.7354675052410902,0.027545288809104083,0.7012655118067005,0.7696694986754798
pima,fedsift,brier_score,lower,5,0.16601181759246267,0.015179287940537418,0.14716424223832875,0.1848593929465966
pima,fedsift,f1,higher,5,0.6674476375206302,0.02543904413468494,0.6358608922698752,0.6990343827713852
pima,fedsift,log_loss,lower,5,0.5111553163640085,0.05676416943427323,0.4406732907895327,0.5816373419384842
pima,fedsift,mcc,higher,5,0.45964627511754896,0.04549029407611943,0.4031626146955294,0.5161299355395685
pima,fedsift,npv,higher,5,0.9179581504431473,0.02497855385112824,0.8869431793990074,0.9489731214872873
pima,fedsift,ppv,higher,5,0.5309026676778474,0.035601338363853374,0.48669776754358013,0.5751075678121148
pima,fedsift,sensitivity,higher,5,0.9029350104821804,0.04047563616745718,0.8526778702486545,0.9531921507157063
pima,fedsift,specificity,higher,5,0.568,0.07463243262818114,0.4753315953072193,0.6606684046927805
pima,fedsift_public_argmin_rule,auroc,higher,5,0.8297071977638015,0.02392927413359481,0.7999950795689682,0.8594193159586349
pima,fedsift_public_argmin_rule,average_precision,higher,5,0.7122501358839393,0.05940826643562068,0.6384850302551318,0.7860152415127467
pima,fedsift_public_argmin_rule,balanced_accuracy,higher,5,0.7324325646401119,0.018023456368516513,0.7100534877441285,0.7548116415360953
pima,fedsift_public_argmin_rule,brier_score,lower,5,0.166647137795296,0.013999032421889573,0.14926504322734843,0.18402923236324356
pima,fedsift_public_argmin_rule,f1,higher,5,0.6639623036908948,0.01776442317769718,0.6419048589822917,0.686019748399498
pima,fedsift_public_argmin_rule,log_loss,lower,5,0.51148956326518,0.0532915905034238,0.44531931393006097,0.5776598126002991
pima,fedsift_public_argmin_rule,mcc,higher,5,0.4550344077368548,0.03622318364499842,0.41005738470453673,0.5000114307691728
pima,fedsift_public_argmin_rule,npv,higher,5,0.9190316467518616,0.03970114311432947,0.8697361666592633,0.9683271268444598
pima,fedsift_public_argmin_rule,ppv,higher,5,0.5265530895756875,0.026213676041757623,0.4940045117740604,0.5591016673773145
pima,fedsift_public_argmin_rule,sensitivity,higher,5,0.9028651292802236,0.05651473443163528,0.8326928181684152,0.9730374403920319
pima,fedsift_public_argmin_rule,specificity,higher,5,0.562,0.061806148561449774,0.48525753046361436,0.6387424695363858
pima,fedsift_uniform_schedule,auroc,higher,5,0.830408106219427,0.02378198187683988,0.8008788755170204,0.8599373369218335
pima,fedsift_uniform_schedule,average_precision,higher,5,0.712578676529648,0.06357392125087223,0.6336412272877986,0.7915161257714974
pima,fedsift_uniform_schedule,balanced_accuracy,higher,5,0.7348770090845562,0.021146021603800653,0.7086207553538779,0.7611332628152345
pima,fedsift_uniform_schedule,brier_score,lower,5,0.1672601533845056,0.014552444576549473,0.14919090686794845,0.18532939990106273
pima,fedsift_uniform_schedule,f1,higher,5,0.6657411537577104,0.02108194335971347,0.6395644636757832,0.6919178438396375
pima,fedsift_uniform_schedule,log_loss,lower,5,0.5143335651526075,0.05732041981545876,0.4431608635058266,0.5855062667993884
pima,fedsift_uniform_schedule,mcc,higher,5,0.4573854148779161,0.039891074557596155,0.40785410375008674,0.5069167260057456
pima,fedsift_uniform_schedule,npv,higher,5,0.9124556962857395,0.03798760910047801,0.8652878496878382,0.9596235428836408
pima,fedsift_uniform_schedule,ppv,higher,5,0.5330035793355314,0.02876096532451563,0.4972921241384935,0.5687150345325694
pima,fedsift_uniform_schedule,sensitivity,higher,5,0.8917540181691125,0.06210066449027845,0.8146458588070027,0.9688621775312223
pima,fedsift_uniform_schedule,specificity,higher,5,0.5780000000000001,0.06534523701081817,0.49686317174957484,0.6591368282504253
pima,fedsift_without_sift,auroc,higher,5,0.8297379454926623,0.025170827597547536,0.7984842350597937,0.860991655925531
pima,fedsift_without_sift,average_precision,higher,5,0.7153968082474564,0.06295153725167005,0.6372321508104745,0.7935614656844384
pima,fedsift_without_sift,balanced_accuracy,higher,5,0.7317638015373864,0.020652531429022486,0.7061202967901974,0.7574073062845754
pima,fedsift_without_sift,brier_score,lower,5,0.16697929184623947,0.01539381837922507,0.14786534176986824,0.1860932419226107
pima,fedsift_without_sift,f1,higher,5,0.663355874641636,0.01939709667764779,0.6392711980273229,0.6874405512559492
pima,fedsift_without_sift,log_loss,lower,5,0.5160314561258063,0.06452089300051535,0.43591818615510897,0.5961447260965036
pima,fedsift_without_sift,mcc,higher,5,0.4526122849720112,0.034889665030684934,0.40929104399402083,0.4959335259500016
pima,fedsift_without_sift,npv,higher,5,0.9134849021077148,0.031575263400265736,0.8742790343098038,0.9526907699056258
pima,fedsift_without_sift,ppv,higher,5,0.5286529732060826,0.031274463030241575,0.48982059839827696,0.5674853480138883
pima,fedsift_without_sift,sensitivity,higher,5,0.895527603074773,0.05346597015613854,0.8291408328028588,0.9619143733466872
pima,fedsift_without_sift,specificity,higher,5,0.568,0.07190271204899021,0.47872099107555666,0.6572790089244432
retinopathy,fedavg_nonprivate,auroc,higher,5,0.7479521771538298,0.03031457633748932,0.7103116590947695,0.7855926952128901
retinopathy,fedavg_nonprivate,average_precision,higher,5,0.804968470402607,0.027116379275269942,0.7712990384948656,0.8386379023103484
retinopathy,fedavg_nonprivate,balanced_accuracy,higher,5,0.607445910524679,0.042949169037578006,0.5541174735779505,0.6607743474714075
retinopathy,fedavg_nonprivate,brier_score,lower,5,0.20027407601863487,0.010950232691435477,0.1866775663137255,0.21387058572354423
retinopathy,fedavg_nonprivate,f1,higher,5,0.7077565886028238,0.007087366605866261,0.698956460646248,0.7165567165593996
retinopathy,fedavg_nonprivate,log_loss,lower,5,0.5767007098246077,0.0252661810772619,0.5453286024088744,0.6080728172403411
retinopathy,fedavg_nonprivate,mcc,higher,5,0.2510955624752635,0.06499570030523245,0.1703927413682148,0.3317983835823122
retinopathy,fedavg_nonprivate,npv,higher,5,0.6958494208494208,0.01961313005817102,0.6714965033641017,0.7202023383347399
retinopathy,fedavg_nonprivate,ppv,higher,5,0.6054598062583272,0.03663844878154638,0.5599671634562484,0.650952449060406
retinopathy,fedavg_nonprivate,sensitivity,higher,5,0.8593362654938025,0.06786182344660704,0.7750746824676903,0.9435978485199147
retinopathy,fedavg_nonprivate,specificity,higher,5,0.3555555555555555,0.15194780166467373,0.1668874406223238,0.5442236704887873
retinopathy,dp_fedavg,auroc,higher,5,0.7110647099185018,0.035307524112889545,0.6672246283618155,0.7549047914751881
retinopathy,dp_fedavg,average_precision,higher,5,0.768512860841101,0.034276722780910145,0.725952688187634,0.811073033494568
retinopathy,dp_fedavg,balanced_accuracy,higher,5,0.5950075525345417,0.042968084305178074,0.5416556291810178,0.6483594758880656
retinopathy,dp_fedavg,brier_score,lower,5,0.2230573312217255,0.014114224611447236,0.2055322066591299,0.24058245578432108
retinopathy,dp_fedavg,f1,higher,5,0.6992150490840988,0.013591583590978307,0.682338869060604,0.7160912291075936
retinopathy,dp_fedavg,log_loss,lower,5,0.6451745425226353,0.037999010628445865,0.5979925390579318,0.6923565459873388
retinopathy,dp_fedavg,mcc,higher,5,0.2225595153427394,0.07280441937825609,0.13216088889063018,0.3129581417948486
retinopathy,dp_fedavg,npv,higher,5,0.6685134818049193,0.03508310347356324,0.6249520552765383,0.7120749083333003
retinopathy,dp_fedavg,ppv,higher,5,0.596511640255835,0.03855350925882057,0.5486411358047419,0.6443821447069281
retinopathy,dp_fedavg,sensitivity,higher,5,0.8511262161801947,0.05925396893195947,0.7775526962066961,0.9246997361536933
retinopathy,dp_fedavg,specificity,higher,5,0.3388888888888889,0.13789769771208496,0.1676662822046071,0.5101114955731707
retinopathy,dp_fedadam,auroc,higher,5,0.7120175386635469,0.04328187211908145,0.6582759962784241,0.7657590810486696
retinopathy,dp_fedadam,average_precision,higher,5,0.7660104389594579,0.04068910071011676,0.7154882474884185,0.8165326304304972
retinopathy,dp_fedadam,balanced_accuracy,higher,5,0.5948483569535149,0.039709897514098626,0.5455420068378974,0.6441547070691324
retinopathy,dp_fedadam,brier_score,lower,5,0.22444485350317994,0.010459434110540542,0.21145775072653733,0.23743195627982255
retinopathy,dp_fedadam,f1,higher,5,0.6996762296940571,0.015776357741134443,0.6800872942641072,0.719265165124007
retinopathy,dp_fedadam,log_loss,lower,5,0.6523182961364068,0.019198744459984925,0.6284799063297295,0.6761566859430841
retinopathy,dp_fedadam,mcc,higher,5,0.22424428943194852,0.06711304357639296,0.14091243941326081,0.3075761394506362
retinopathy,dp_fedadam,npv,higher,5,0.6736691086691087,0.03837357909224031,0.6260220170280492,0.7213162003101682
retinopathy,dp_fedadam,ppv,higher,5,0.5958431303797749,0.03466761170900407,0.5527976050169972,0.6388886557425526
retinopathy,dp_fedadam,sensitivity,higher,5,0.8545115287218445,0.06957528922692365,0.7681223969241591,0.94090066051953
retinopathy,dp_fedadam,specificity,higher,5,0.3351851851851852,0.13755532619299174,0.1643876888901718,0.5059826814801986
retinopathy,fedsift,auroc,higher,5,0.7031197397584176,0.030510309441197744,0.6652361869512259,0.7410032925656093
retinopathy,fedsift,average_precision,higher,5,0.758783741212172,0.029601915523042224,0.7220281084293412,0.7955393739950027
retinopathy,fedsift,balanced_accuracy,higher,5,0.5932286344721371,0.05135080460802969,0.5294681891115506,0.6569890798327237
retinopathy,fedsift,brier_score,lower,5,0.22777478715220267,0.010020520654363792,0.2153326674124219,0.24021690689198344
retinopathy,fedsift,f1,higher,5,0.6980296036118554,0.019973841598700436,0.6732288035929243,0.7228304036307865
retinopathy,fedsift,log_loss,lower,5,0.661985846850205,0.03999133158628921,0.6123300501792805,0.7116416435211295
retinopathy,fedsift,mcc,higher,5,0.2182267772258492,0.08874875667503869,0.10803064117710746,0.32842291327459094
retinopathy,fedsift,npv,higher,5,0.6638095238095237,0.038332593899996395,0.6162133220061329,0.7114057256129146
retinopathy,fedsift,ppv,higher,5,0.5965681437206861,0.04753385393111258,0.5375470685985471,0.6555892188428252
retinopathy,fedsift,sensitivity,higher,5,0.8494202319072371,0.06574442519994675,0.7677877460538628,0.9310527177606115
retinopathy,fedsift,specificity,higher,5,0.337037037037037,0.15612220425416656,0.14318571669442348,0.5308883573796506
retinopathy,fedsift_public_argmin_rule,auroc,higher,5,0.7039695233017904,0.03480085498796666,0.6607585545565222,0.7471804920470586
retinopathy,fedsift_public_argmin_rule,average_precision,higher,5,0.7605407782325349,0.03617605260168526,0.7156222761198966,0.8054592803451731
retinopathy,fedsift_public_argmin_rule,balanced_accuracy,higher,5,0.59487760451375,0.06007919201044451,0.5202794347532097,0.6694757742742904
retinopathy,fedsift_public_argmin_rule,brier_score,lower,5,0.22480370054321552,0.011004817251741166,0.2111394151549168,0.23846798593151425
retinopathy,fedsift_public_argmin_rule,f1,higher,5,0.7042562010459162,0.014343958951610565,0.6864458236239888,0.7220665784678437
retinopathy,fedsift_public_argmin_rule,log_loss,lower,5,0.6488909757510959,0.027688019160607556,0.6145117591777934,0.6832701923243983
retinopathy,fedsift_public_argmin_rule,mcc,higher,5,0.22651639307894111,0.09974679870741227,0.1026643841878693,0.35036840197001295
retinopathy,fedsift_public_argmin_rule,npv,higher,5,0.679819471308833,0.0277465394093198,0.6453675922495387,0.7142713503681274
retinopathy,fedsift_public_argmin_rule,ppv,higher,5,0.5988133334425305,0.05660856800709082,0.5285245125582563,0.6691021543268048
retinopathy,fedsift_public_argmin_rule,sensitivity,higher,5,0.8675329868052779,0.07397359968059744,0.7756826312643424,0.9593833423462134
retinopathy,fedsift_public_argmin_rule,specificity,higher,5,0.32222222222222224,0.1914898988048907,0.084456108856507,0.5599883355879375
retinopathy,fedsift_uniform_schedule,auroc,higher,5,0.7043174088389336,0.03257790461721654,0.6638665975388195,0.7447682201390476
retinopathy,fedsift_uniform_schedule,average_precision,higher,5,0.7602734647605989,0.03484480845549245,0.7170079205771077,0.80353900894409
retinopathy,fedsift_uniform_schedule,balanced_accuracy,higher,5,0.5903342366757001,0.05353815724218662,0.5238578342979047,0.6568106390534955
retinopathy,fedsift_uniform_schedule,brier_score,lower,5,0.22656512080946353,0.010162637627125779,0.2139465395410705,0.23918370207785655
retinopathy,fedsift_uniform_schedule,f1,higher,5,0.7009641410036981,0.009825361001026578,0.688764343979368,0.7131639380280281
retinopathy,fedsift_uniform_schedule,log_loss,lower,5,0.6593277662453957,0.03250114163527193,0.618972268776357,0.6996832637144343
retinopathy,fedsift_uniform_schedule,mcc,higher,5,0.22036820031454196,0.0856013489996895,0.11408008706395151,0.3266563135651324
retinopathy,fedsift_uniform_schedule,npv,higher,5,0.6806287243250442,0.03505412996820493,0.6371032731551683,0.72415417549492
retinopathy,fedsift_uniform_schedule,ppv,higher,5,0.5960131326477389,0.056319711967352235,0.5260829739086719,0.665943291386806
retinopathy,fedsift_uniform_schedule,sensitivity,higher,5,0.8658536585365854,0.08651838219687627,0.7584268981798904,0.9732804188932803
retinopathy,fedsift_uniform_schedule,specificity,higher,5,0.31481481481481477,0.190322266584208,0.07849850834066396,0.5511311212889656
retinopathy,fedsift_without_sift,auroc,higher,5,0.705084385998687,0.03385784977958087,0.66304431287079,0.7471244591265839
retinopathy,fedsift_without_sift,average_precision,higher,5,0.76244479891586,0.03560759091436123,0.7182321352147302,0.8066574626169899
retinopathy,fedsift_without_sift,balanced_accuracy,higher,5,0.5980974276955884,0.050131989208758956,0.5358503415367326,0.6603445138544441
retinopathy,fedsift_without_sift,brier_score,lower,5,0.22896064185022885,0.007266085674654123,0.2199386048601467,0.237982678840311
retinopathy,fedsift_without_sift,f1,higher,5,0.699536105790997,0.01644690511374178,0.6791145758293904,0.7199576357526036
retinopathy,fedsift_without_sift,log_loss,lower,5,0.6880986265793225,0.06505448349501636,0.6073228165018196,0.7688744366568254
retinopathy,fedsift_without_sift,mcc,higher,5,0.22740463688844983,0.08531396720859187,0.12147335526160462,0.33333591851529504
retinopathy,fedsift_without_sift,npv,higher,5,0.6682671425719257,0.038519000826551644,0.6204394859988154,0.7160947991450359
retinopathy,fedsift_without_sift,ppv,higher,5,0.6006572885935068,0.046706759027749595,0.5426631874359713,0.6586513897510422
retinopathy,fedsift_without_sift,sensitivity,higher,5,0.8461948553911769,0.06804770695871551,0.76170246750022,0.9306872432821338
retinopathy,fedsift_without_sift,specificity,higher,5,0.35,0.1597591208049922,0.15163285131175486,0.5483671486882451
