dataset,comparator,metric,fold_count,fedsift_minus_comparator_mean,fedsift_minus_comparator_sd,fedsift_minus_comparator_ci95_low_t,fedsift_minus_comparator_ci95_high_t,benefit_oriented_mean,benefit_oriented_sd,benefit_oriented_ci95_low_t,benefit_oriented_ci95_high_t
pima,fedavg_nonprivate,auroc,5,-0.008514325646401111,0.010303772741527295,-0.021308149305228875,0.004279498012426655,-0.008514325646401111,0.010303772741527295,-0.021308149305228875,0.004279498012426655
pima,fedavg_nonprivate,average_precision,5,-0.015840962431563032,0.01852376111366582,-0.03884124971772879,0.0071593248546027236,-0.015840962431563032,0.01852376111366582,-0.03884124971772879,0.0071593248546027236
pima,fedavg_nonprivate,balanced_accuracy,5,0.014566037735849057,0.026118441904036446,-0.017864291265569626,0.046996366737267745,0.014566037735849057,0.026118441904036446,-0.017864291265569626,0.046996366737267745
pima,fedavg_nonprivate,brier_score,5,0.01100527437633042,0.00804331180416072,0.001018183682776671,0.02099236506988417,-0.01100527437633042,0.00804331180416072,-0.02099236506988417,-0.001018183682776671
pima,fedavg_nonprivate,f1,5,0.010990982939675487,0.02203531004601578,-0.01636946823372009,0.03835143411307106,0.010990982939675487,0.02203531004601578,-0.01636946823372009,0.03835143411307106
pima,fedavg_nonprivate,log_loss,5,0.03744682894934233,0.02571964174007327,0.005511675753994472,0.06938198214469019,-0.03744682894934233,0.02571964174007327,-0.06938198214469019,-0.005511675753994472
pima,fedavg_nonprivate,mcc,5,0.019332108943793537,0.04340390582433494,-0.034560958299709926,0.073225176187297,0.019332108943793537,0.04340390582433494,-0.034560958299709926,0.073225176187297
pima,fedavg_nonprivate,npv,5,-0.010135732249615882,0.02314776196905074,-0.03887747492557651,0.018606010426344747,-0.010135732249615882,0.02314776196905074,-0.03887747492557651,0.018606010426344747
pima,fedavg_nonprivate,ppv,5,0.018791491627454516,0.020972267332170023,-0.007249017679605955,0.04483200093451499,0.018791491627454516,0.020972267332170023,-0.007249017679605955,0.04483200093451499
pima,fedavg_nonprivate,sensitivity,5,-0.018867924528301883,0.029723137722517584,-0.055774074552004255,0.01803822549540049,-0.018867924528301883,0.029723137722517584,-0.055774074552004255,0.01803822549540049
pima,fedavg_nonprivate,specificity,5,0.04800000000000002,0.04919349550499537,-0.013081792314351547,0.10908179231435158,0.04800000000000002,0.04919349550499537,-0.013081792314351547,0.10908179231435158
pima,dp_fedavg,auroc,5,5.800139762404122e-05,0.007014548905891171,-0.008651711442460646,0.008767714237708729,5.800139762404122e-05,0.007014548905891171,-0.008651711442460646,0.008767714237708729
pima,dp_fedavg,average_precision,5,0.005260188071557303,0.0163562357087425,-0.015048760954123126,0.025569137097237734,0.005260188071557303,0.0163562357087425,-0.015048760954123126,0.025569137097237734
pima,dp_fedavg,balanced_accuracy,5,0.0047631027253668854,0.010062396379153803,-0.00773101259428433,0.0172572180450181,0.0047631027253668854,0.010062396379153803,-0.00773101259428433,0.0172572180450181
pima,dp_fedavg,brier_score,5,0.00147564633871346,0.004283648073925036,-0.003843205255654164,0.006794497933081084,-0.00147564633871346,0.004283648073925036,-0.006794497933081084,0.003843205255654164
pima,dp_fedavg,f1,5,0.006914013150429321,0.007949053790762925,-0.002956040761346178,0.01678406706220482,0.006914013150429321,0.007949053790762925,-0.002956040761346178,0.01678406706220482
pima,dp_fedavg,log_loss,5,0.008843374262934012,0.007412336462306999,-0.00036025706488565686,0.01804700559075368,-0.008843374262934012,0.007412336462306999,-0.01804700559075368,0.00036025706488565686
pima,dp_fedavg,mcc,5,0.014852124678167511,0.013505230741847743,-0.0019168341214195767,0.0316210834777546,0.014852124678167511,0.013505230741847743,-0.0019168341214195767,0.0316210834777546
pima,dp_fedavg,npv,5,0.023898707120254502,0.030139129729869665,-0.01352396520251747,0.06132137944302647,0.023898707120254502,0.030139129729869665,-0.01352396520251747,0.06132137944302647
pima,dp_fedavg,ppv,5,-0.0038482652339824506,0.023632899820533453,-0.03319238611429509,0.02549585564633019,-0.0038482652339824506,0.023632899820533453,-0.03319238611429509,0.02549585564633019
pima,dp_fedavg,sensitivity,5,0.03752620545073373,0.055039820555733254,-0.030814758200915872,0.10586716910238333,0.03752620545073373,0.055039820555733254,-0.030814758200915872,0.10586716910238333
pima,dp_fedavg,specificity,5,-0.02799999999999999,0.07014271166700073,-0.1150936798133021,0.05909367981330211,-0.02799999999999999,0.07014271166700073,-0.1150936798133021,0.05909367981330211
pima,dp_fedadam,auroc,5,0.0022515723270440267,0.0027367242166129444,-0.0011465196057366726,0.005649664259824726,0.0022515723270440267,0.0027367242166129444,-0.0011465196057366726,0.005649664259824726
pima,dp_fedadam,average_precision,5,0.004666585714153482,0.01330185895555484,-0.01184985366014332,0.021183025088450283,0.004666585714153482,0.01330185895555484,-0.01184985366014332,0.021183025088450283
pima,dp_fedadam,balanced_accuracy,5,0.0009217330538085156,0.01539070320927342,-0.01818834902818546,0.02003181513580249,0.0009217330538085156,0.01539070320927342,-0.01818834902818546,0.02003181513580249
pima,dp_fedadam,brier_score,5,-0.0014460589897803354,0.0014241199260572105,-0.003214337431090184,0.0003222194515295129,0.0014460589897803354,0.0014241199260572105,-0.0003222194515295129,0.003214337431090184
pima,dp_fedadam,f1,5,0.0016922101393917143,0.01273034274075825,-0.014114598126602469,0.017499018405385897,0.0016922101393917143,0.01273034274075825,-0.014114598126602469,0.017499018405385897
pima,dp_fedadam,log_loss,5,-0.0081984072884702,0.009590563834345072,-0.02010666512405155,0.003709850547111147,0.0081984072884702,0.009590563834345072,-0.003709850547111147,0.02010666512405155
pima,dp_fedadam,mcc,5,0.003679468445169809,0.022558520894052483,-0.024330634801702604,0.03168957169204222,0.003679468445169809,0.022558520894052483,-0.024330634801702604,0.03168957169204222
pima,dp_fedadam,npv,5,0.0036356714515507482,0.009339506011517434,-0.0079608569239581,0.015232199827059596,0.0036356714515507482,0.009339506011517434,-0.0079608569239581,0.015232199827059596
pima,dp_fedadam,ppv,5,0.0019549165343792476,0.022314054438367224,-0.0257516415157003,0.029661474584458794,0.0019549165343792476,0.022314054438367224,-0.0257516415157003,0.029661474584458794
pima,dp_fedadam,sensitivity,5,0.0038434661076170553,0.020573457861656912,-0.02170185583776458,0.029388788052998688,0.0038434661076170553,0.020573457861656912,-0.02170185583776458,0.029388788052998688
pima,dp_fedadam,specificity,5,-0.0019999999999999905,0.050695167422546324,-0.06494636427148819,0.06094636427148821,-0.0019999999999999905,0.050695167422546324,-0.06494636427148819,0.06094636427148821
pima,fedsift_public_argmin_rule,auroc,5,0.0013144654088050433,0.0014697422303344796,-0.0005104606052409874,0.003139391422851074,0.0013144654088050433,0.0014697422303344796,-0.0005104606052409874,0.003139391422851074
pima,fedsift_public_argmin_rule,average_precision,5,0.006403893742779054,0.0050904390442483745,8.327884648505826e-05,0.01272450863907305,0.006403893742779054,0.0050904390442483745,8.327884648505826e-05,0.01272450863907305
pima,fedsift_public_argmin_rule,balanced_accuracy,5,0.0030349406009783308,0.010762076508969418,-0.010327942346123468,0.01639782354808013,0.0030349406009783308,0.010762076508969418,-0.010327942346123468,0.01639782354808013
pima,fedsift_public_argmin_rule,brier_score,5,-0.0006353202028333505,0.001292423047836031,-0.0022400753717801342,0.0009694349661134334,0.0006353202028333505,0.001292423047836031,-0.0009694349661134334,0.0022400753717801342
pima,fedsift_public_argmin_rule,f1,5,0.003485333829735371,0.009052785561673023,-0.007755184085652884,0.014725851745123626,0.003485333829735371,0.009052785561673023,-0.007755184085652884,0.014725851745123626
pima,fedsift_public_argmin_rule,log_loss,5,-0.000334246901171531,0.003775306537380657,-0.005021909110820415,0.004353415308477352,0.000334246901171531,0.003775306537380657,-0.004353415308477352,0.005021909110820415
pima,fedsift_public_argmin_rule,mcc,5,0.004611867380694213,0.011953642440758796,-0.010230540085396584,0.01945427484678501,0.004611867380694213,0.011953642440758796,-0.010230540085396584,0.01945427484678501
pima,fedsift_public_argmin_rule,npv,5,-0.0010734963087141614,0.02361754215832516,-0.03039854813276619,0.028251555515337867,-0.0010734963087141614,0.02361754215832516,-0.03039854813276619,0.028251555515337867
pima,fedsift_public_argmin_rule,ppv,5,0.004349578102159879,0.020849114406280227,-0.021538016650549774,0.03023717285486953,0.004349578102159879,0.020849114406280227,-0.021538016650549774,0.03023717285486953
pima,fedsift_public_argmin_rule,sensitivity,5,6.988120195665637e-05,0.03212578780521035,-0.03981955292970663,0.03995931533361994,6.988120195665637e-05,0.03212578780521035,-0.03981955292970663,0.03995931533361994
pima,fedsift_public_argmin_rule,specificity,5,0.005999999999999994,0.051768716422179124,-0.05827935141463991,0.0702793514146399,0.005999999999999994,0.051768716422179124,-0.05827935141463991,0.0702793514146399
pima,fedsift_uniform_schedule,auroc,5,0.0006135569531795948,0.00236270891230986,-0.002320133641470738,0.003547247547829928,0.0006135569531795948,0.00236270891230986,-0.002320133641470738,0.003547247547829928
pima,fedsift_uniform_schedule,average_precision,5,0.0060753530970702576,0.007923559701924172,-0.0037630457224271533,0.01591375191656767,0.0060753530970702576,0.007923559701924172,-0.0037630457224271533,0.01591375191656767
pima,fedsift_uniform_schedule,balanced_accuracy,5,0.0005904961565339039,0.010019987852349919,-0.011850962022168067,0.013031954335235874,0.0005904961565339039,0.010019987852349919,-0.011850962022168067,0.013031954335235874
pima,fedsift_uniform_schedule,brier_score,5,-0.0012483357920429373,0.0012148223719716416,-0.002756736995532629,0.00026006541144675457,0.0012483357920429373,0.0012148223719716416,-0.00026006541144675457,0.002756736995532629
pima,fedsift_uniform_schedule,f1,5,0.0017064837629198193,0.008919877099867054,-0.009369006500387324,0.012781974026226963,0.0017064837629198193,0.008919877099867054,-0.009369006500387324,0.012781974026226963
pima,fedsift_uniform_schedule,log_loss,5,-0.003178248788599081,0.002536042471959037,-0.006327161423946302,-2.9336153251859586e-05,0.003178248788599081,0.002536042471959037,2.9336153251859586e-05,0.006327161423946302
pima,fedsift_uniform_schedule,mcc,5,0.002260860239632878,0.015645426971276005,-0.017165503167126728,0.021687223646392487,0.002260860239632878,0.015645426971276005,-0.017165503167126728,0.021687223646392487
pima,fedsift_uniform_schedule,npv,5,0.005502454157407776,0.015171252836998562,-0.013335144297940095,0.024340052612755646,0.005502454157407776,0.015171252836998562,-0.013335144297940095,0.024340052612755646
pima,fedsift_uniform_schedule,ppv,5,-0.0021009116576840015,0.01318155496529897,-0.01846797389843983,0.014266150583071829,-0.0021009116576840015,0.01318155496529897,-0.01846797389843983,0.014266150583071829
pima,fedsift_uniform_schedule,sensitivity,5,0.011180992313067795,0.028108187916016682,-0.02371993267699627,0.04608191730313186,0.011180992313067795,0.028108187916016682,-0.02371993267699627,0.04608191730313186
pima,fedsift_uniform_schedule,specificity,5,-0.009999999999999998,0.03316624790355401,-0.05118133597734416,0.031181335977344165,-0.009999999999999998,0.03316624790355401,-0.05118133597734416,0.031181335977344165
pima,fedsift_without_sift,auroc,5,0.0012837176799441075,0.0021784639513370598,-0.0014212025798158417,0.0039886379397040565,0.0012837176799441075,0.0021784639513370598,-0.0014212025798158417,0.0039886379397040565
pima,fedsift_without_sift,average_precision,5,0.0032572213792618323,0.006484975354914593,-0.004794939048174311,0.011309381806697976,0.0032572213792618323,0.006484975354914593,-0.004794939048174311,0.011309381806697976
pima,fedsift_without_sift,balanced_accuracy,5,0.0037037037037037203,0.008927385772736267,-0.007381109808379415,0.014788517215786855,0.0037037037037037203,0.008927385772736267,-0.007381109808379415,0.014788517215786855
pima,fedsift_without_sift,brier_score,5,-0.0009674742537768233,0.0013637298085032589,-0.0026607684602726364,0.0007258199527189899,0.0009674742537768233,0.0013637298085032589,-0.0007258199527189899,0.0026607684602726364
pima,fedsift_without_sift,f1,5,0.0040917628789941315,0.008298563703558462,-0.006212264908514925,0.014395790666503188,0.0040917628789941315,0.008298563703558462,-0.006212264908514925,0.014395790666503188
pima,fedsift_without_sift,log_loss,5,-0.004876139761797816,0.011309823195086253,-0.01891914004918631,0.00916686052559068,0.004876139761797816,0.011309823195086253,-0.00916686052559068,0.01891914004918631
pima,fedsift_without_sift,mcc,5,0.00703399014553775,0.015153311716882117,-0.01178133146687408,0.025849311757949578,0.00703399014553775,0.015153311716882117,-0.01178133146687408,0.025849311757949578
pima,fedsift_without_sift,npv,5,0.004473248335432567,0.008347397510090272,-0.005891414631542284,0.014837911302407417,0.004473248335432567,0.008347397510090272,-0.005891414631542284,0.014837911302407417
pima,fedsift_without_sift,ppv,5,0.002249694471764785,0.012445872430445393,-0.013203897251356069,0.017703286194885638,0.002249694471764785,0.012445872430445393,-0.013203897251356069,0.017703286194885638
pima,fedsift_without_sift,sensitivity,5,0.007407407407407418,0.016563466499998465,-0.013158852631094824,0.02797366744590966,0.007407407407407418,0.016563466499998465,-0.013158852631094824,0.02797366744590966
pima,fedsift_without_sift,specificity,5,1.1102230246251566e-17,0.024494897427831796,-0.030414432275832775,0.030414432275832796,1.1102230246251566e-17,0.024494897427831796,-0.030414432275832775,0.030414432275832796
retinopathy,fedavg_nonprivate,auroc,5,-0.044832437395412206,0.04719433878774116,-0.10343194878718198,0.013767073996357578,-0.044832437395412206,0.04719433878774116,-0.10343194878718198,0.013767073996357578
retinopathy,fedavg_nonprivate,average_precision,5,-0.04618472919043517,0.038391259158955714,-0.09385377353382109,0.0014843151529507492,-0.04618472919043517,0.038391259158955714,-0.09385377353382109,0.0014843151529507492
retinopathy,fedavg_nonprivate,balanced_accuracy,5,-0.014217276052541927,0.041288556548115134,-0.06548379025613688,0.037049238151053016,-0.014217276052541927,0.041288556548115134,-0.06548379025613688,0.037049238151053016
retinopathy,fedavg_nonprivate,brier_score,5,0.02750071113356784,0.00963103140173552,0.01554220617646289,0.039459216090672794,-0.02750071113356784,0.00963103140173552,-0.039459216090672794,-0.01554220617646289
retinopathy,fedavg_nonprivate,f1,5,-0.00972698499096838,0.02037790241649596,-0.03502949278044094,0.015575522798504186,-0.00972698499096838,0.02037790241649596,-0.03502949278044094,0.015575522798504186
retinopathy,fedavg_nonprivate,log_loss,5,0.08528513702559729,0.026337624039877616,0.05258265745705521,0.11798761659413937,-0.08528513702559729,0.026337624039877616,-0.11798761659413937,-0.05258265745705521
retinopathy,fedavg_nonprivate,mcc,5,-0.032868785249414244,0.07059374481604686,-0.12052249668588341,0.05478492618705492,-0.032868785249414244,0.07059374481604686,-0.12052249668588341,0.05478492618705492
retinopathy,fedavg_nonprivate,npv,5,-0.03203989703989707,0.04652227277994312,-0.0898049282653675,0.02572513418557336,-0.03203989703989707,0.04652227277994312,-0.0898049282653675,0.02572513418557336
retinopathy,fedavg_nonprivate,ppv,5,-0.008891662537641131,0.03669290916683293,-0.05445192683945854,0.03666860176417627,-0.008891662537641131,0.03669290916683293,-0.05445192683945854,0.03666860176417627
retinopathy,fedavg_nonprivate,sensitivity,5,-0.009916033586565365,0.0698045348233679,-0.09658981138810241,0.07675774421497167,-0.009916033586565365,0.0698045348233679,-0.09658981138810241,0.07675774421497167
retinopathy,fedavg_nonprivate,specificity,5,-0.018518518518518524,0.13449850968827734,-0.18552047581051298,0.14848343877347595,-0.018518518518518524,0.13449850968827734,-0.18552047581051298,0.14848343877347595
retinopathy,dp_fedavg,auroc,5,-0.007944970160084108,0.018901588992119033,-0.03141439272044293,0.01552445240027471,-0.007944970160084108,0.018901588992119033,-0.03141439272044293,0.01552445240027471
retinopathy,dp_fedavg,average_precision,5,-0.009729119628929106,0.01921211880971463,-0.03358411588416516,0.014125876626306948,-0.009729119628929106,0.01921211880971463,-0.03358411588416516,0.014125876626306948
retinopathy,dp_fedavg,balanced_accuracy,5,-0.0017789180624046886,0.014372842857567117,-0.019625159590485924,0.016067323465676544,-0.0017789180624046886,0.014372842857567117,-0.019625159590485924,0.016067323465676544
retinopathy,dp_fedavg,brier_score,5,0.004717455930477216,0.009346936519036154,-0.00688829863870601,0.016323210499660443,-0.004717455930477216,0.009346936519036154,-0.016323210499660443,0.00688829863870601
retinopathy,dp_fedavg,f1,5,-0.0011854454722435071,0.007885968151341974,-0.010977168216746347,0.008606277272259334,-0.0011854454722435071,0.007885968151341974,-0.010977168216746347,0.008606277272259334
retinopathy,dp_fedavg,log_loss,5,0.0168113043275697,0.027287735515655432,-0.01707089445472594,0.05069350310986534,-0.0168113043275697,0.027287735515655432,-0.05069350310986534,0.01707089445472594
retinopathy,dp_fedavg,mcc,5,-0.00433273811689015,0.025306424228992958,-0.03575481400530221,0.02708933777152191,-0.00433273811689015,0.025306424228992958,-0.03575481400530221,0.02708933777152191
retinopathy,dp_fedavg,npv,5,-0.004703957995395558,0.0160100721648353,-0.024583088211115788,0.01517517222032467,-0.004703957995395558,0.0160100721648353,-0.024583088211115788,0.01517517222032467
retinopathy,dp_fedavg,ppv,5,5.650346485104318e-05,0.014291119416198607,-0.0176882650082736,0.017801271937975684,5.650346485104318e-05,0.014291119416198607,-0.0176882650082736,0.017801271937975684
retinopathy,dp_fedavg,sensitivity,5,-0.0017059842729574947,0.029089284470212223,-0.037825101533127944,0.03441313298721295,-0.0017059842729574947,0.029089284470212223,-0.037825101533127944,0.03441313298721295
retinopathy,dp_fedavg,specificity,5,-0.0018518518518518602,0.05130331547109284,-0.06555333166079814,0.06184962795709443,-0.0018518518518518602,0.05130331547109284,-0.06555333166079814,0.06184962795709443
retinopathy,dp_fedadam,auroc,5,-0.008897798905129295,0.016178134160375755,-0.028985605650178388,0.0111900078399198,-0.008897798905129295,0.016178134160375755,-0.028985605650178388,0.0111900078399198
retinopathy,dp_fedadam,average_precision,5,-0.007226697747285904,0.014095960252666058,-0.024729144113132616,0.010275748618560808,-0.007226697747285904,0.014095960252666058,-0.024729144113132616,0.010275748618560808
retinopathy,dp_fedadam,balanced_accuracy,5,-0.0016197224813778277,0.022279718362376095,-0.0292836466620596,0.026044201699303948,-0.0016197224813778277,0.022279718362376095,-0.0292836466620596,0.026044201699303948
retinopathy,dp_fedadam,brier_score,5,0.0033299336490227537,0.005955696673209515,-0.004065040494323442,0.01072490779236895,-0.0033299336490227537,0.005955696673209515,-0.01072490779236895,0.004065040494323442
retinopathy,dp_fedadam,f1,5,-0.0016466260822016522,0.01490507828620275,-0.020153725180588302,0.016860473016184995,-0.0016466260822016522,0.01490507828620275,-0.020153725180588302,0.016860473016184995
retinopathy,dp_fedadam,log_loss,5,0.00966755071379819,0.026914449090344787,-0.023751151753171044,0.04308625318076743,-0.00966755071379819,0.026914449090344787,-0.04308625318076743,0.023751151753171044
retinopathy,dp_fedadam,mcc,5,-0.006017512206099274,0.03383462606326263,-0.04802874928153931,0.035993724869340764,-0.006017512206099274,0.03383462606326263,-0.04802874928153931,0.035993724869340764
retinopathy,dp_fedadam,npv,5,-0.00985958485958489,0.031117779660351803,-0.04849741156788115,0.02877824184871137,-0.00985958485958489,0.031117779660351803,-0.04849741156788115,0.02877824184871137
retinopathy,dp_fedadam,ppv,5,0.000725013340911218,0.02659586277037127,-0.03229811196222667,0.03374813864404911,0.000725013340911218,0.02659586277037127,-0.03229811196222667,0.03374813864404911
retinopathy,dp_fedadam,sensitivity,5,-0.005091296814607493,0.0710252097316304,-0.09328074270324475,0.08309814907402978,-0.005091296814607493,0.0710252097316304,-0.09328074270324475,0.08309814907402978
retinopathy,dp_fedadam,specificity,5,0.0018518518518518489,0.10845592936552832,-0.13281397103305534,0.13651767473675905,0.0018518518518518489,0.10845592936552832,-0.13281397103305534,0.13651767473675905
retinopathy,fedsift_public_argmin_rule,auroc,5,-0.000849783543372773,0.005740422284393714,-0.007977459228391071,0.0062778921416455245,-0.000849783543372773,0.005740422284393714,-0.007977459228391071,0.0062778921416455245
retinopathy,fedsift_public_argmin_rule,average_precision,5,-0.0017570370203629838,0.006795558227095995,-0.010194837018645495,0.006680762977919528,-0.0017570370203629838,0.006795558227095995,-0.010194837018645495,0.006680762977919528
retinopathy,fedsift_public_argmin_rule,balanced_accuracy,5,-0.0016489700416129737,0.014446268008466413,-0.019586380936128543,0.016288440852902597,-0.0016489700416129737,0.014446268008466413,-0.019586380936128543,0.016288440852902597
retinopathy,fedsift_public_argmin_rule,brier_score,5,0.0029710866089871836,0.004662497688149902,-0.0028181689120968423,0.00876034213007121,-0.0029710866089871836,0.004662497688149902,-0.00876034213007121,0.0028181689120968423
retinopathy,fedsift_public_argmin_rule,f1,5,-0.0062265974340608874,0.015239167593594836,-0.025148523197621123,0.012695328329499347,-0.0062265974340608874,0.015239167593594836,-0.025148523197621123,0.012695328329499347
retinopathy,fedsift_public_argmin_rule,log_loss,5,0.013094871099109095,0.020936655389950612,-0.012901420141391421,0.03909116233960961,-0.013094871099109095,0.020936655389950612,-0.03909116233960961,0.012901420141391421
retinopathy,fedsift_public_argmin_rule,mcc,5,-0.00828961585309188,0.0203036370202588,-0.033499910973744426,0.01692067926756067,-0.00828961585309188,0.0203036370202588,-0.033499910973744426,0.01692067926756067
retinopathy,fedsift_public_argmin_rule,npv,5,-0.01600994749930924,0.048752475565406295,-0.07654414123218305,0.044524246233564574,-0.01600994749930924,0.048752475565406295,-0.07654414123218305,0.044524246233564574
retinopathy,fedsift_public_argmin_rule,ppv,5,-0.0022451897218443762,0.015149868107081755,-0.021056235527943237,0.016565856084254482,-0.0022451897218443762,0.015149868107081755,-0.021056235527943237,0.016565856084254482
retinopathy,fedsift_public_argmin_rule,sensitivity,5,-0.018112754898040807,0.07122213921172255,-0.10654672103229347,0.07032121123621186,-0.018112754898040807,0.07122213921172255,-0.10654672103229347,0.07032121123621186
retinopathy,fedsift_public_argmin_rule,specificity,5,0.014814814814814803,0.09546471421320003,-0.10372028392252708,0.1333499135521567,0.014814814814814803,0.09546471421320003,-0.10372028392252708,0.1333499135521567
retinopathy,fedsift_uniform_schedule,auroc,5,-0.001197669080515973,0.0027373872852006526,-0.00459658432169037,0.002201246160658423,-0.001197669080515973,0.0027373872852006526,-0.00459658432169037,0.002201246160658423
retinopathy,fedsift_uniform_schedule,average_precision,5,-0.0014897235484269133,0.0053508257395442635,-0.00813365122988107,0.005154204133027243,-0.0014897235484269133,0.0053508257395442635,-0.00813365122988107,0.005154204133027243
retinopathy,fedsift_uniform_schedule,balanced_accuracy,5,0.002894397796436965,0.007267868227741756,-0.006129852525638987,0.011918648118512917,0.002894397796436965,0.007267868227741756,-0.006129852525638987,0.011918648118512917
retinopathy,fedsift_uniform_schedule,brier_score,5,0.0012096663427391351,0.0019973631833473723,-0.0012703876133609657,0.003689720298839236,-0.0012096663427391351,0.0019973631833473723,-0.003689720298839236,0.0012703876133609657
retinopathy,fedsift_uniform_schedule,f1,5,-0.002934537391842751,0.01979782389076183,-0.027516782559780132,0.02164770777609463,-0.002934537391842751,0.01979782389076183,-0.027516782559780132,0.02164770777609463
retinopathy,fedsift_uniform_schedule,log_loss,5,0.002658080604809321,0.010386240262565467,-0.010238140005912654,0.015554301215531295,-0.002658080604809321,0.010386240262565467,-0.015554301215531295,0.010238140005912654
retinopathy,fedsift_uniform_schedule,mcc,5,-0.002141423088692712,0.0222689298124975,-0.02979195151539741,0.025509105338011984,-0.002141423088692712,0.0222689298124975,-0.02979195151539741,0.025509105338011984
retinopathy,fedsift_uniform_schedule,npv,5,-0.016819200515520327,0.0580750558939543,-0.08892890661271484,0.055290505581674185,-0.016819200515520327,0.0580750558939543,-0.08892890661271484,0.055290505581674185
retinopathy,fedsift_uniform_schedule,ppv,5,0.0005550110729472202,0.01146192797890499,-0.013676852248463565,0.014786874394358007,0.0005550110729472202,0.01146192797890499,-0.013676852248463565,0.014786874394358007
retinopathy,fedsift_uniform_schedule,sensitivity,5,-0.01643342662934828,0.07305626169020356,-0.1071447566134271,0.07427790335473053,-0.01643342662934828,0.07305626169020356,-0.1071447566134271,0.07427790335473053
retinopathy,fedsift_uniform_schedule,specificity,5,0.022222222222222237,0.07981245162781461,-0.07687802557241477,0.12132247001685925,0.022222222222222237,0.07981245162781461,-0.07687802557241477,0.12132247001685925
retinopathy,fedsift_without_sift,auroc,5,-0.00196464624026933,0.004059557680692784,-0.007005252861017142,0.003075960380478482,-0.00196464624026933,0.004059557680692784,-0.007005252861017142,0.003075960380478482
retinopathy,fedsift_without_sift,average_precision,5,-0.0036610577036880754,0.006513069401310161,-0.011748101497097463,0.004425986089721312,-0.0036610577036880754,0.006513069401310161,-0.011748101497097463,0.004425986089721312
retinopathy,fedsift_without_sift,balanced_accuracy,5,-0.004868793223451351,0.01049148180789314,-0.01789568847212203,0.008158102025219325,-0.004868793223451351,0.01049148180789314,-0.01789568847212203,0.008158102025219325
retinopathy,fedsift_without_sift,brier_score,5,-0.0011858546980261452,0.00795632258306192,-0.011064934007509727,0.008693224611457436,0.0011858546980261452,0.00795632258306192,-0.008693224611457436,0.011064934007509727
retinopathy,fedsift_without_sift,f1,5,-0.0015065021791417,0.00515056644984035,-0.007901775110264648,0.004888770751981249,-0.0015065021791417,0.00515056644984035,-0.007901775110264648,0.004888770751981249
retinopathy,fedsift_without_sift,log_loss,5,-0.026112779729117585,0.08176595877786641,-0.12763862702220755,0.07541306756397237,0.026112779729117585,0.08176595877786641,-0.07541306756397237,0.12763862702220755
retinopathy,fedsift_without_sift,mcc,5,-0.009177859662600586,0.01947819955178246,-0.0333632387958776,0.015007519470676436,-0.009177859662600586,0.01947819955178246,-0.0333632387958776,0.015007519470676436
retinopathy,fedsift_without_sift,npv,5,-0.004457618762401872,0.01639174631044913,-0.024810660023775976,0.015895422498972234,-0.004457618762401872,0.01639174631044913,-0.024810660023775976,0.015895422498972234
retinopathy,fedsift_without_sift,ppv,5,-0.004089144872820682,0.008878924366946438,-0.015113785602032241,0.006935495856390877,-0.004089144872820682,0.008878924366946438,-0.015113785602032241,0.006935495856390877
retinopathy,fedsift_without_sift,sensitivity,5,0.00322537651606023,0.018766151207170012,-0.020075877822730924,0.026526630854851387,0.00322537651606023,0.018766151207170012,-0.020075877822730924,0.026526630854851387
retinopathy,fedsift_without_sift,specificity,5,-0.012962962962962971,0.03501420444664636,-0.05643884005010999,0.030512914124184044,-0.012962962962962971,0.03501420444664636,-0.05643884005010999,0.030512914124184044
