dataset,outer_fold,eval_seed,method,unit_id,round_downlink_bytes,round_uplink_bytes,round_total_federated_bytes,local_optimizer_steps,sampled_record_gradient_evaluations,public_candidate_forward_record_evaluations,server_global_vector_inner_products
pima,0,939188524,fedavg_nonprivate,84b1a2a67ab831963f7a52f53a1a9bded4c158d6e6ec1960f08ffa352b7d1064,18000,18000,36000,250,24650,0,0
pima,0,939188524,dp_fedavg,130c4c33d43a47e868d1700f5b3699684d438362c4cd47b1e4d78e52df23ceba,18000,18000,36000,250,24650,0,0
pima,0,939188524,dp_fedadam,1baa693e5bc8d3370dc4d420199597fa901ade780609e7d46cdd4acdd9019e95,18000,18000,36000,250,24650,0,0
pima,0,939188524,fedsift,27ec7d3549620321733392e8259e12a0cb3bcab22956a3d8b47486474c3160dd,18000,18000,36000,250,24650,15250,0
pima,0,939188524,fedsift_uniform_schedule,7155d8465d1269dc59ffbaa7b7a8d5aef3f56f7168b5ac1ca28d1fdcf516a4db,18000,18000,36000,250,24650,15250,0
pima,0,939188524,fedsift_without_sift,f81ac30a1f0a9d0a143dd58d1356a622650e5193771c35d7686fe9b27538359c,18000,18000,36000,250,24650,0,0
pima,0,939188524,fedsift_public_argmin_rule,29dedce2c20add17613df52c9861a87e2f61d3c5769faa3a36c7b611bd43f6a6,18000,18000,36000,250,24650,15250,0
pima,1,939188524,fedavg_nonprivate,0ad402754556d0f4949f53ce42da9ad8255538eefe67d14be52c03773c11c96b,18000,18000,36000,250,24600,0,0
pima,1,939188524,dp_fedavg,ae292e5c44c4b1a206e8e910360a1a08f8f943b8b88757984922de013116e439,18000,18000,36000,250,24600,0,0
pima,1,939188524,dp_fedadam,d929afa0d1d87eb7eb0565da0fb788a0a5d786025a227556d3a4f64724b01bd8,18000,18000,36000,250,24600,0,0
pima,1,939188524,fedsift,695a2dbfc1e290e74f7b8c2f211e8bbe486ed44c7f15c355fb74df101649d4af,18000,18000,36000,250,24600,3050,0
pima,1,939188524,fedsift_uniform_schedule,a1ac653fae94c9f04a0b4fef2f886fb088970c735b1b137ccca388566150d310,18000,18000,36000,250,24600,3050,0
pima,1,939188524,fedsift_without_sift,440cd2df6799bb9be8ce044ed5859b5c5f4001406b69cc36adb3ed7ee8427f31,18000,18000,36000,250,24600,0,0
pima,1,939188524,fedsift_public_argmin_rule,acbe505d895db97dd342d9bdf27d9887af18ad301e0235e3b418dbf25428c250,18000,18000,36000,250,24600,3050,0
pima,2,939188524,fedavg_nonprivate,10b3c641c615abd33e10551d3ab279e243c2e58d5d8916e5fdc2a3ef9c362258,18000,18000,36000,250,24600,0,0
pima,2,939188524,dp_fedavg,1c2ff66ee23e2c90d9fa288ab5490030d83cedace92e189e9b92b9c922c6c9bd,18000,18000,36000,250,24600,0,0
pima,2,939188524,dp_fedadam,24f170c0ae52f98e25e08e0ef7c7049e039b608f53aee66800caec2b7234cbb6,18000,18000,36000,250,24600,0,0
pima,2,939188524,fedsift,a0447be3981446848dda62456e790cda315b0f8085449602a204c388a8ae698e,18000,18000,36000,250,24600,3050,0
pima,2,939188524,fedsift_uniform_schedule,65fc8d4a5404450d7345c0f7c3edaeb8c82efabf6b9360a4da45f381ec3cd3de,18000,18000,36000,250,24600,3050,0
pima,2,939188524,fedsift_without_sift,c190dd2b5d4a000a453eefb2e41b3c6820fa2726d6f86c53e9d772680d3e27a5,18000,18000,36000,250,24600,0,0
pima,2,939188524,fedsift_public_argmin_rule,a2ce119b8c8bec3df9631453dd59fbff2d2300ecace8936c2c46c44a7fd0ac7f,18000,18000,36000,250,24600,3050,0
pima,3,939188524,fedavg_nonprivate,34cb7dba107995b91aaf00c146add79cc603e5bd325acb2adc06205a20de6eaf,18000,18000,36000,250,24600,0,0
pima,3,939188524,dp_fedavg,09e211c3cc1129104f338e4e7fe0804295595012914dd67fac06aaff0d46f7ba,18000,18000,36000,250,24600,0,0
pima,3,939188524,dp_fedadam,1bf75316e9ffb3d3e9f2d9c9efc86db57aa60850fb207c2313d0be4097ce1722,18000,18000,36000,250,24600,0,0
pima,3,939188524,fedsift,d6855bd1b2bacffb927511d338442fa080e54384950f8e45e14d887fddd8963e,18000,18000,36000,250,24600,15250,0
pima,3,939188524,fedsift_uniform_schedule,7a0ea53bf493452588b5c86fa4a835c95946cd60399312022699adeee168d2ec,18000,18000,36000,250,24600,15250,0
pima,3,939188524,fedsift_without_sift,69e622bd29a92bb953873ad46448a0662921996542f8001114f6e08a94d9108b,18000,18000,36000,250,24600,0,0
pima,3,939188524,fedsift_public_argmin_rule,16cb04ba0940eef1994b723f5f6f592ba9c8ba3fe1c5b63c0b4bd91e67ceec82,18000,18000,36000,250,24600,15250,0
pima,4,939188524,fedavg_nonprivate,311d929e1d16fc7a5e8c2dd3c970366ea4ce39b321fe9540dd42bf3ce0ec2ca4,18000,18000,36000,250,24650,0,0
pima,4,939188524,dp_fedavg,cda934d1d9ce006f0711d9d3dc6731d0d490069cdcc476ffaf03443229013bf2,18000,18000,36000,250,24650,0,0
pima,4,939188524,dp_fedadam,857391604316863a4fbcfd88d2845c7f291f2cbc94f8d5fa0c9379fd3abb6a71,18000,18000,36000,250,24650,0,0
pima,4,939188524,fedsift,da7ec2df16761dd7762d53b495e52eb28fa981d17e2dedd56c060f6d3d14052e,18000,18000,36000,250,24650,3050,0
pima,4,939188524,fedsift_uniform_schedule,de1f7adc4b60673bf9bb4522e1981ad79816e7903c72a409f007b9c02574c0e4,18000,18000,36000,250,24650,3050,0
pima,4,939188524,fedsift_without_sift,229373804fe5772aa3e41100a0932a4c36725fb93bcb261a168f9c58b7f29ab2,18000,18000,36000,250,24650,0,0
pima,4,939188524,fedsift_public_argmin_rule,ea8bc4b21f3495d00e90a52251896fa34f0a761c382e54151371d6a86c7c45c6,18000,18000,36000,250,24650,3050,0
retinopathy,0,939188524,fedavg_nonprivate,eec560d6c3e94d3abe8805c1b425691a7d0249dd1cd699a81f68f2ddcda99ea6,40000,40000,80000,250,36800,0,0
retinopathy,0,939188524,dp_fedavg,e2dfdb8ec5eb51fab0e9c4c1f9eeb1ea76ce21438734bd7c6a532f8aa5ed0fcc,40000,40000,80000,250,36800,0,0
retinopathy,0,939188524,dp_fedadam,c9ec2622eac91b7dcfdc693085584bcf9fe09dd8a085144f94ba00705f9fd6a2,40000,40000,80000,250,36800,0,0
retinopathy,0,939188524,fedsift,00d0b4047216f16eacc938bf300d591372b65070ac6c64de677221ec9e612449,40000,40000,80000,250,36800,23000,0
retinopathy,0,939188524,fedsift_uniform_schedule,cd4516336945193b7a79ddd6d18c2a56bf572392053ba94689b5cbe0fad73125,40000,40000,80000,250,36800,23000,0
retinopathy,0,939188524,fedsift_without_sift,d1bf0abc25666a825f72521e6023af6d60cd877a15190874dbf4f4b8861cc2bb,40000,40000,80000,250,36800,0,0
retinopathy,0,939188524,fedsift_public_argmin_rule,dbf8ebaf21247d7750eb7079c7ce0ce1d4c366e16d982d4bd6dc621d89610a5f,40000,40000,80000,250,36800,23000,0
retinopathy,1,939188524,fedavg_nonprivate,3f5552e36d8235e0a5f88a0525f5a85a53e0c102f157019f63c5d511fc5c1e46,40000,40000,80000,250,36850,0,0
retinopathy,1,939188524,dp_fedavg,ac05ff03239773b5c104653e104e32d9973a3f3f8594c4986259efd3ebedbdfe,40000,40000,80000,250,36850,0,0
retinopathy,1,939188524,dp_fedadam,6eb92980e528f4bc76291541ec207380798c2d75673d42bd2981252d189d3122,40000,40000,80000,250,36850,0,0
retinopathy,1,939188524,fedsift,4a05600d6f5253837bcad8bf45ae4e766d8b87b31dbbee0a4cb67917ed41609e,40000,40000,80000,250,36850,4600,0
retinopathy,1,939188524,fedsift_uniform_schedule,40fc4f4c3df101e9cdbbfb01f632e8344195b505ff835cf638eb5c76edbc52d3,40000,40000,80000,250,36850,4600,0
retinopathy,1,939188524,fedsift_without_sift,e245a9963ea6562df266dc3028f9698c34cf35d108c93de0e36175937878bf86,40000,40000,80000,250,36850,0,0
retinopathy,1,939188524,fedsift_public_argmin_rule,0f7bb5be59aa0aab1aa08c7b08290b1dcbd23935676f08963890c3e0b0114786,40000,40000,80000,250,36850,4600,0
retinopathy,2,939188524,fedavg_nonprivate,223429572683806e74140571f9a944c37e557cbedec01ce520181c7b3d48365b,40000,40000,80000,250,36850,0,0
retinopathy,2,939188524,dp_fedavg,b0812dcfde1676356a2f6964ed48df76d2744d8167a6364f4e14d5fbe0a286d4,40000,40000,80000,250,36850,0,0
retinopathy,2,939188524,dp_fedadam,a6992cbd502d5d576dfe160c19ea18724f7526e9b1b5840a83a7a5a0c84b9e13,40000,40000,80000,250,36850,0,0
retinopathy,2,939188524,fedsift,b781d35c7740739d8f522e20ff27b8702c263af308d56357f22de0264afffdbe,40000,40000,80000,250,36850,4600,0
retinopathy,2,939188524,fedsift_uniform_schedule,5e0db901990bcb994a2293d8c88caafe4c9fc242eab06d0eb0a4609ab7ad5cd3,40000,40000,80000,250,36850,4600,0
retinopathy,2,939188524,fedsift_without_sift,2373961c524e60d2f4eda82afaf277218d4d1ba398d5c4d7dfa2b9f72a0e71f3,40000,40000,80000,250,36850,0,0
retinopathy,2,939188524,fedsift_public_argmin_rule,a6680fda9fb00f2f8737bc245c7ab7c6e7e982bdfa24eae7e5f4784a5e38036b,40000,40000,80000,250,36850,4600,0
retinopathy,3,939188524,fedavg_nonprivate,ffc56fabe8ec134883079280365c0ef89f601efb0d40cc09c99f7ef2a08f72e5,40000,40000,80000,250,36850,0,0
retinopathy,3,939188524,dp_fedavg,6cad5e5b8d020b0ff3c2633031c2dd3edd803bd4a0100b02b0da17b59138d3b6,40000,40000,80000,250,36850,0,0
retinopathy,3,939188524,dp_fedadam,ae26457157ffc486f229aa0eb5e7ed216aa864a084e6922fb3e0ffcb3d8ebf02,40000,40000,80000,250,36850,0,0
retinopathy,3,939188524,fedsift,341572f26d7e5c4c1fa6f0a2f06bd05c573685af9c6aeca7e922ea6320d9c699,40000,40000,80000,250,36850,4600,0
retinopathy,3,939188524,fedsift_uniform_schedule,92bba1e5e9d314fa912735ca87cfd26c0b6722b2c65d48a6369239db8b4cde96,40000,40000,80000,250,36850,4600,0
retinopathy,3,939188524,fedsift_without_sift,bc055a0f8e067bf336c56e2a8e6375005b3329ded8c96ba3089b1312fc30668a,40000,40000,80000,250,36850,0,0
retinopathy,3,939188524,fedsift_public_argmin_rule,8d0a7f705ee3776feffa8c35770fe066797ae7fffc53aa12a41e91e2dab67f83,40000,40000,80000,250,36850,4600,0
retinopathy,4,939188524,fedavg_nonprivate,587fb45f805edb5ee210d3800c51944251ab2d5baec8bef41072d8a7e6ac4fc8,40000,40000,80000,250,36850,0,0
retinopathy,4,939188524,dp_fedavg,75881b319b4e6967e1ec50da2417f5d7a42dbaba0e0296c20f55589db76b2479,40000,40000,80000,250,36850,0,0
retinopathy,4,939188524,dp_fedadam,439787491670ef260c73d05fb06afb4699eec4c115e088e1e5935fd6be707638,40000,40000,80000,250,36850,0,0
retinopathy,4,939188524,fedsift,1b9d28891a9c30f91a3e7801684486b13f3e17416cb4a4f7a0c5a62767876337,40000,40000,80000,250,36850,4600,0
retinopathy,4,939188524,fedsift_uniform_schedule,f9e0c08b4615962f888def029345c98027364b701abc0f9ce900bb896ce556b2,40000,40000,80000,250,36850,4600,0
retinopathy,4,939188524,fedsift_without_sift,68c69c3c877fce00aefaac8f72e89920233ea0b463f3ed54b7d3515c7c42fe6a,40000,40000,80000,250,36850,0,0
retinopathy,4,939188524,fedsift_public_argmin_rule,cb2551dbf908ff64991390e100ce8af1d697e2956733331dcd421fe862c865b3,40000,40000,80000,250,36850,4600,0
